Sentiment,Avg Likes,Avg Retweets
Positive,74.37142857142857,27.057142857142857
Negative,71.5,29.466666666666665
Neutral,65.77142857142857,24.914285714285715
