AgeGroup,Avg Likes,Avg Retweets
Senior,72.8,27.883333333333333
Adult,71.12,27.08
Teen,52.42857142857143,25.285714285714285
